{"loss_g": 19.34368896484375, "loss_d": 0.034365199506282806, "real_scores": 0.9987, "fake_scores": 0.029281411319971085}